"nume","stele","pret","moneda","oras","data_checkin","data_checkout","data_culegere"
"Europa Royale Bucharest",4,990,"RON","Bucuresti","2022-03-28","2022-03-31",2022-03-06
"The Marmorosch Bucharest, Autograph Collection",5,1953,"RON","Bucuresti","2022-03-28","2022-03-31",2022-03-06
"Hilton Garden Inn Bucharest",4,1109,"RON","Bucuresti","2022-03-28","2022-03-31",2022-03-06
"Hotel Michelangelo",3,768,"RON","Bucuresti","2022-03-28","2022-03-31",2022-03-06
"Novotel Bucharest City Centre",4,998,"RON","Bucuresti","2022-03-28","2022-03-31",2022-03-06
"Hotel Ambasador",4,1102,"RON","Bucuresti","2022-03-28","2022-03-31",2022-03-06
"JW Marriott Bucharest Grand Hotel",5,1709,"RON","Bucuresti","2022-03-28","2022-03-31",2022-03-06
"Ramada Plaza Bucharest",4,1318,"RON","Bucuresti","2022-03-28","2022-03-31",2022-03-06
"Ramada Parc Hotel",4,921,"RON","Bucuresti","2022-03-28","2022-03-31",2022-03-06
"Park Inn by Radisson Bucharest Hotel & Residence",4,1498,"RON","Bucuresti","2022-03-28","2022-03-31",2022-03-06
"Caro Hotel",4,1147,"RON","Bucuresti","2022-03-28","2022-03-31",2022-03-06
"Crystal Palace Hotel",4,1207,"RON","Bucuresti","2022-03-28","2022-03-31",2022-03-06
"Zava Boutique Hotel Central",3,692,"RON","Bucuresti","2022-03-28","2022-03-31",2022-03-06
"International Bucharest City Centre Hotel",4,1268,"RON","Bucuresti","2022-03-28","2022-03-31",2022-03-06
"Grand Hotel Bucharest",5,1537,"RON","Bucuresti","2022-03-28","2022-03-31",2022-03-06
"Hotel Unique Bucharest",4,1020,"RON","Bucuresti","2022-03-28","2022-03-31",2022-03-06
"Moxy Bucharest Old Town",3,875,"RON","Bucuresti","2022-03-28","2022-03-31",2022-03-06
"Hotel Parliament",4,1045,"RON","Bucuresti","2022-03-28","2022-03-31",2022-03-06
"Sheraton Bucharest Hotel",5,1303,"RON","Bucuresti","2022-03-28","2022-03-31",2022-03-06
"Atrium Hotel Bucharest City Center",4,779,"RON","Bucuresti","2022-03-28","2022-03-31",2022-03-06
"Athenee Palace Hilton Bucharest",5,1789,"RON","Bucuresti","2022-03-28","2022-03-31",2022-03-06
"Capitol Hotel",4,1130,"RON","Bucuresti","2022-03-28","2022-03-31",2022-03-06
"Orhideea Residence & Spa",4,1534,"RON","Bucuresti","2022-03-28","2022-03-31",2022-03-06
"ibis Styles Bucharest City Center",3,903,"RON","Bucuresti","2022-03-28","2022-03-31",2022-03-06
"Hotel Cismigiu",4,1652,"RON","Bucuresti","2022-03-28","2022-03-31",2022-03-06
"Park Inn by Radisson Bucharest Hotel & Residence",4,1498,"RON","Bucuresti","2022-03-28","2022-03-31",2022-03-06
"Phoenicia Grand Hotel",4,1168,"RON","Bucuresti","2022-03-28","2022-03-31",2022-03-06
"Mercure Bucharest Unirii",4,805,"RON","Bucuresti","2022-03-28","2022-03-31",2022-03-06
"Courtyard by Marriott Bucharest Floreasca",4,1103,"RON","Bucuresti","2022-03-28","2022-03-31",2022-03-06
"Grand Boutique Hotel",4,941,"RON","Bucuresti","2022-03-28","2022-03-31",2022-03-06
"Capital Plaza Hotel",4,1020,"RON","Bucuresti","2022-03-28","2022-03-31",2022-03-06
"Grand Hotel Continental",5,1560,"RON","Bucuresti","2022-03-28","2022-03-31",2022-03-06
"Hotel Sir Gara de Nord",1,360,"RON","Bucuresti","2022-03-28","2022-03-31",2022-03-06
"Hello Hotels Gara de Nord",2,555,"RON","Bucuresti","2022-03-28","2022-03-31",2022-03-06
"K+K Hotel Elisabeta",4,1119,"RON","Bucuresti","2022-03-28","2022-03-31",2022-03-06
"Atrium Hotel Ateneu City Center",3,651,"RON","Bucuresti","2022-03-28","2022-03-31",2022-03-06
"Hotel Sir Lujerului",2,495,"RON","Bucuresti","2022-03-28","2022-03-31",2022-03-06
"Le Blanc ApartHotel",4,1197,"RON","Bucuresti","2022-03-28","2022-03-31",2022-03-06
"Hotel Lido by Phoenicia",4,1623,"RON","Bucuresti","2022-03-28","2022-03-31",2022-03-06
"Pullman Bucharest World Trade Center",4,1059,"RON","Bucuresti","2022-03-28","2022-03-31",2022-03-06
"Golden Tulip Victoria Bucharest",4,891,"RON","Bucuresti","2022-03-28","2022-03-31",2022-03-06
"Rembrandt Hotel",3,897,"RON","Bucuresti","2022-03-28","2022-03-31",2022-03-06
"Continental Forum Bucuresti Palatul Parlamentului",4,801,"RON","Bucuresti","2022-03-28","2022-03-31",2022-03-06
"Bucur Accommodation",3,702,"RON","Bucuresti","2022-03-28","2022-03-31",2022-03-06
"Epoque Hotel - Relais & Chateaux",5,1941,"RON","Bucuresti","2022-03-28","2022-03-31",2022-03-06
"Concorde Old Bucharest Hotel",4,1521,"RON","Bucuresti","2022-03-28","2022-03-31",2022-03-06
"Hotel Berthelot",4,990,"RON","Bucuresti","2022-03-28","2022-03-31",2022-03-06
"Mercure Bucharest City Center",4,1049,"RON","Bucuresti","2022-03-28","2022-03-31",2022-03-06
"Holiday Inn Bucharest - Times, an IHG Hotel",4,1492,"RON","Bucuresti","2022-03-28","2022-03-31",2022-03-06
"Park Inn by Radisson Bucharest Hotel & Residence",4,1498,"RON","Bucuresti","2022-03-28","2022-03-31",2022-03-06
"Phoenicia Grand Hotel",4,1168,"RON","Bucuresti","2022-03-28","2022-03-31",2022-03-06
"Mercure Bucharest Unirii",4,805,"RON","Bucuresti","2022-03-28","2022-03-31",2022-03-06
"Courtyard by Marriott Bucharest Floreasca",4,1103,"RON","Bucuresti","2022-03-28","2022-03-31",2022-03-06
"Grand Boutique Hotel",4,941,"RON","Bucuresti","2022-03-28","2022-03-31",2022-03-06
"Capital Plaza Hotel",4,1020,"RON","Bucuresti","2022-03-28","2022-03-31",2022-03-06
"Grand Hotel Continental",5,1560,"RON","Bucuresti","2022-03-28","2022-03-31",2022-03-06
"Hotel Sir Gara de Nord",1,360,"RON","Bucuresti","2022-03-28","2022-03-31",2022-03-06
"Hello Hotels Gara de Nord",2,555,"RON","Bucuresti","2022-03-28","2022-03-31",2022-03-06
"K+K Hotel Elisabeta",4,1119,"RON","Bucuresti","2022-03-28","2022-03-31",2022-03-06
"Atrium Hotel Ateneu City Center",3,651,"RON","Bucuresti","2022-03-28","2022-03-31",2022-03-06
"Hotel Sir Lujerului",2,495,"RON","Bucuresti","2022-03-28","2022-03-31",2022-03-06
"Le Blanc ApartHotel",4,1197,"RON","Bucuresti","2022-03-28","2022-03-31",2022-03-06
"Hotel Lido by Phoenicia",4,1623,"RON","Bucuresti","2022-03-28","2022-03-31",2022-03-06
"Pullman Bucharest World Trade Center",4,1059,"RON","Bucuresti","2022-03-28","2022-03-31",2022-03-06
"Golden Tulip Victoria Bucharest",4,891,"RON","Bucuresti","2022-03-28","2022-03-31",2022-03-06
"Rembrandt Hotel",3,897,"RON","Bucuresti","2022-03-28","2022-03-31",2022-03-06
"Continental Forum Bucuresti Palatul Parlamentului",4,801,"RON","Bucuresti","2022-03-28","2022-03-31",2022-03-06
"Bucur Accommodation",3,702,"RON","Bucuresti","2022-03-28","2022-03-31",2022-03-06
"Epoque Hotel - Relais & Chateaux",5,1941,"RON","Bucuresti","2022-03-28","2022-03-31",2022-03-06
"Concorde Old Bucharest Hotel",4,1521,"RON","Bucuresti","2022-03-28","2022-03-31",2022-03-06
"Hotel Berthelot",4,990,"RON","Bucuresti","2022-03-28","2022-03-31",2022-03-06
"Mercure Bucharest City Center",4,1049,"RON","Bucuresti","2022-03-28","2022-03-31",2022-03-06
"Holiday Inn Bucharest - Times, an IHG Hotel",4,1492,"RON","Bucuresti","2022-03-28","2022-03-31",2022-03-06
"Avis Hotel By WS Hotel Group",3,656,"RON","Bucuresti","2022-03-28","2022-03-31",2022-03-06
"Hotel Hemingway Residence",3,844,"RON","Bucuresti","2022-03-28","2022-03-31",2022-03-06
"Casa Comana Boutique Hotel",4,972,"RON","Bucuresti","2022-03-28","2022-03-31",2022-03-06
"Decebal Residence Apartments",3,519,"RON","Bucuresti","2022-03-28","2022-03-31",2022-03-06
"Vilacrosse Boutique Inn",3,1066,"RON","Bucuresti","2022-03-28","2022-03-31",2022-03-06
"Union Plaza Hotel",4,1227,"RON","Bucuresti","2022-03-28","2022-03-31",2022-03-06
"Le Boutique Hotel Moxa",4,949,"RON","Bucuresti","2022-03-28","2022-03-31",2022-03-06
"RIN Central Hotel",4,901,"RON","Bucuresti","2022-03-28","2022-03-31",2022-03-06
"West Plaza Hotel",3,1055,"RON","Bucuresti","2022-03-28","2022-03-31",2022-03-06
"Euro Hotel Grivita",3,720,"RON","Bucuresti","2022-03-28","2022-03-31",2022-03-06
"Hotel Horoscop",3,990,"RON","Bucuresti","2022-03-28","2022-03-31",2022-03-06
"Ramada Hotel & Suites by Wyndham Bucharest North",4,1513,"RON","Bucuresti","2022-03-28","2022-03-31",2022-03-06
"Pergola Boutique Hotel",4,1899,"RON","Bucuresti","2022-03-28","2022-03-31",2022-03-06
"ibis Bucharest Politehnica",3,612,"RON","Bucuresti","2022-03-28","2022-03-31",2022-03-06
"Central Hotel, Trademark Collection by Wyndham",4,743,"RON","Bucuresti","2022-03-28","2022-03-31",2022-03-06
"Hotel Boutique Monaco",4,798,"RON","Bucuresti","2022-03-28","2022-03-31",2022-03-06
"Sarroglia Hotel",4,1029,"RON","Bucuresti","2022-03-28","2022-03-31",2022-03-06
"Relax Comfort Suites Hotel",3,888,"RON","Bucuresti","2022-03-28","2022-03-31",2022-03-06
"Ganzo Boutique Hotel",4,964,"RON","Bucuresti","2022-03-28","2022-03-31",2022-03-06
"Hotel Liad City Center",3,762,"RON","Bucuresti","2022-03-28","2022-03-31",2022-03-06
"The Mansion Boutique Hotel",4,1148,"RON","Bucuresti","2022-03-28","2022-03-31",2022-03-06
"Hotel Trianon",3,675,"RON","Bucuresti","2022-03-28","2022-03-31",2022-03-06
"Labirint Boutique Hotel",3,1140,"RON","Bucuresti","2022-03-28","2022-03-31",2022-03-06
"Matisse Bucharest Old Town",3,1475,"RON","Bucuresti","2022-03-28","2022-03-31",2022-03-06
"Hotel Minerva",4,840,"RON","Bucuresti","2022-03-28","2022-03-31",2022-03-06
"BW Premier Collection Mari Vila Hotel",4,1163,"RON","Bucuresti","2022-03-28","2022-03-31",2022-03-06
"NF Palace Old City Bucharest",4,870,"RON","Bucuresti","2022-03-28","2022-03-31",2022-03-06
"JN Boutique House",4,1074,"RON","Bucuresti","2022-03-28","2022-03-31",2022-03-06
"Platinum Rooms ApartHotel",3,450,"RON","Bucuresti","2022-03-28","2022-03-31",2022-03-06
"Hotel Cantemir",3,660,"RON","Bucuresti","2022-03-28","2022-03-31",2022-03-06
"Marshal Garden Hotel",5,1224,"RON","Bucuresti","2022-03-28","2022-03-31",2022-03-06
"Hotel Top Central",2,720,"RON","Bucuresti","2022-03-28","2022-03-31",2022-03-06
"Filitti Boutique Hotel",4,1177,"RON","Bucuresti","2022-03-28","2022-03-31",2022-03-06
"Hotel Simona",4,450,"RON","Bucuresti","2022-03-28","2022-03-31",2022-03-06
"Crowne Plaza Bucharest, an IHG Hotel",4,1472,"RON","Bucuresti","2022-03-28","2022-03-31",2022-03-06
"Hotel CH Bucharest",4,1113,"RON","Bucuresti","2022-03-28","2022-03-31",2022-03-06
"Vila Paris Boutique Hotel",4,1110,"RON","Bucuresti","2022-03-28","2022-03-31",2022-03-06
"Hotel Casa Capsa",5,1396,"RON","Bucuresti","2022-03-28","2022-03-31",2022-03-06
"ibis Styles Bucharest Erbas",3,1104,"RON","Bucuresti","2022-03-28","2022-03-31",2022-03-06
"Suter Palace Heritage Boutique Hotel",5,2271,"RON","Bucuresti","2022-03-28","2022-03-31",2022-03-06
"Hotel Sir Colentina",2,480,"RON","Bucuresti","2022-03-28","2022-03-31",2022-03-06
"YMY Boutique Residence",4,907,"RON","Bucuresti","2022-03-28","2022-03-31",2022-03-06
"Emil Balaban Luxury Apart-Hotel",3,632,"RON","Bucuresti","2022-03-28","2022-03-31",2022-03-06
"Graffiti Hotel",3,810,"RON","Bucuresti","2022-03-28","2022-03-31",2022-03-06
"Hotel Corvaris",3,840,"RON","Bucuresti","2022-03-28","2022-03-31",2022-03-06
"Hotel Elisabeta",4,497,"RON","Bucuresti","2022-03-28","2022-03-31",2022-03-06
"Scala Boutique-Hotel",4,992,"RON","Bucuresti","2022-03-28","2022-03-31",2022-03-06
"Emil Balaban Luxury Apart-Hotel",3,632,"RON","Bucuresti","2022-03-28","2022-03-31",2022-03-06
"Monte Carlo Palace Suites",4,840,"RON","Bucuresti","2022-03-28","2022-03-31",2022-03-06
"Hotel Marinii",3,540,"RON","Bucuresti","2022-03-28","2022-03-31",2022-03-06
"Hotel Irisa",4,980,"RON","Bucuresti","2022-03-28","2022-03-31",2022-03-06
"Upground Residence Apartments",3,816,"RON","Bucuresti","2022-03-28","2022-03-31",2022-03-06
"Bucharest Downtown Inn",4,497,"RON","Bucuresti","2022-03-28","2022-03-31",2022-03-06
"Hotel Tecadra",4,1395,"RON","Bucuresti","2022-03-28","2022-03-31",2022-03-06
"Avenue Parliament Hotel - Avenue Hotels",3,1145,"RON","Bucuresti","2022-03-28","2022-03-31",2022-03-06
"Uptown Residence Apartments",3,624,"RON","Bucuresti","2022-03-28","2022-03-31",2022-03-06
"MyContinental Bucuresti Gara de Nord",3,846,"RON","Bucuresti","2022-03-28","2022-03-31",2022-03-06
"Visconti Militari",3,653,"RON","Bucuresti","2022-03-28","2022-03-31",2022-03-06
"Villa Tamara",3,660,"RON","Bucuresti","2022-03-28","2022-03-31",2022-03-06
"Victoriei City Studios",3,765,"RON","Bucuresti","2022-03-28","2022-03-31",2022-03-06
"Hotel Casa Fiori",3,750,"RON","Bucuresti","2022-03-28","2022-03-31",2022-03-06
"Hotel Herastrau",3,1092,"RON","Bucuresti","2022-03-28","2022-03-31",2022-03-06
"Parliament Square",3,660,"RON","Bucuresti","2022-03-28","2022-03-31",2022-03-06
"Venis Boutique Hotel",4,1154,"RON","Bucuresti","2022-03-28","2022-03-31",2022-03-06
"City Hotel Bucharest",2,510,"RON","Bucuresti","2022-03-28","2022-03-31",2022-03-06
"Harmony Residence",4,4798,"RON","Bucuresti","2022-03-28","2022-03-31",2022-03-06
"Hotel La Casa Nord",3,629,"RON","Bucuresti","2022-03-28","2022-03-31",2022-03-06
"Hotel EOS",2,540,"RON","Bucuresti","2022-03-28","2022-03-31",2022-03-06
"Old Town Boutique Hotel",4,900,"RON","Bucuresti","2022-03-28","2022-03-31",2022-03-06
"Upground Residence Apartments",3,816,"RON","Bucuresti","2022-03-28","2022-03-31",2022-03-06
"Hotel Les Jardins Carol",4,455,"RON","Bucuresti","2022-03-28","2022-03-31",2022-03-06
"Hotel Diesel",4,1192,"RON","Bucuresti","2022-03-28","2022-03-31",2022-03-06
"JN Boutique Apartments",4,789,"RON","Bucuresti","2022-03-28","2022-03-31",2022-03-06
"Old City Bucharest NF Hotels",4,974,"RON","Bucuresti","2022-03-28","2022-03-31",2022-03-06
"Athina Suites Hotel",4,1004,"RON","Bucuresti","2022-03-28","2022-03-31",2022-03-06
"Uptown Residence Apartments",3,624,"RON","Bucuresti","2022-03-28","2022-03-31",2022-03-06
"Elizeu Hotel",3,474,"RON","Bucuresti","2022-03-28","2022-03-31",2022-03-06
"Hotel Duke Romana",4,523,"RON","Bucuresti","2022-03-28","2022-03-31",2022-03-06
"Mosilor Apartments",3,564,"RON","Bucuresti","2022-03-28","2022-03-31",2022-03-06
"Hotel Duke Armeneasca - Ex Tempo",3,537,"RON","Bucuresti","2022-03-28","2022-03-31",2022-03-06
"Poet Palace Bucharest",4,540,"RON","Bucuresti","2022-03-28","2022-03-31",2022-03-06
"Eden Boutique",3,784,"RON","Bucuresti","2022-03-28","2022-03-31",2022-03-06
"Hotel Ema&Zain",4,510,"RON","Bucuresti","2022-03-28","2022-03-31",2022-03-06
"Ambiance Hotel",3,583,"RON","Bucuresti","2022-03-28","2022-03-31",2022-03-06
"Aparthotel Blend City Center",3,907,"RON","Bucuresti","2022-03-28","2022-03-31",2022-03-06
"Expocenter Hotel - Avenue Hotels",3,972,"RON","Bucuresti","2022-03-28","2022-03-31",2022-03-06
"Villa Boutique Lafayette",4,960,"RON","Bucuresti","2022-03-28","2022-03-31",2022-03-06
"Complex Silva",4,1392,"RON","Bucuresti","2022-03-28","2022-03-31",2022-03-06
"Hotel Sir Orhideea",2,551,"RON","Bucuresti","2022-03-28","2022-03-31",2022-03-06
"Hotel Uranus",2,375,"RON","Bucuresti","2022-03-28","2022-03-31",2022-03-06
"Hotel Triumf",2,603,"RON","Bucuresti","2022-03-28","2022-03-31",2022-03-06
"Hotel Taco",2,480,"RON","Bucuresti","2022-03-28","2022-03-31",2022-03-06
"Victoriei City Studios",3,765,"RON","Bucuresti","2022-03-28","2022-03-31",2022-03-06
"Hotel Mojo",3,690,"RON","Bucuresti","2022-03-28","2022-03-31",2022-03-06
"Hotel Mon Caprice",3,360,"RON","Bucuresti","2022-03-28","2022-03-31",2022-03-06
"Stil Hotel",4,1245,"RON","Bucuresti","2022-03-28","2022-03-31",2022-03-06
"Hotel Citadella",3,762,"RON","Bucuresti","2022-03-28","2022-03-31",2022-03-06
"Hotel Basarab",2,405,"RON","Bucuresti","2022-03-28","2022-03-31",2022-03-06
"Living Aparthotel",3,585,"RON","Bucuresti","2022-03-28","2022-03-31",2022-03-06
"Vila Cornelia",3,900,"RON","Bucuresti","2022-03-28","2022-03-31",2022-03-06
"Hotel Ancor",3,570,"RON","Bucuresti","2022-03-28","2022-03-31",2022-03-06
"Villa Edera Residence - Gazda Profesionista",3,510,"RON","Bucuresti","2022-03-28","2022-03-31",2022-03-06
"Hotel Razvan",3,543,"RON","Bucuresti","2022-03-28","2022-03-31",2022-03-06
"Ave Hotel Victoriei",3,594,"RON","Bucuresti","2022-03-28","2022-03-31",2022-03-06
"Hotel La Gil",3,629,"RON","Bucuresti","2022-03-28","2022-03-31",2022-03-06
"Hotel Christina Plus",4,1088,"RON","Bucuresti","2022-03-28","2022-03-31",2022-03-06
"Byblov Rooms Boutique",3,690,"RON","Bucuresti","2022-03-28","2022-03-31",2022-03-06
"JN Boutique Apartments",4,789,"RON","Bucuresti","2022-03-28","2022-03-31",2022-03-06
"Hotel Est",3,599,"RON","Bucuresti","2022-03-28","2022-03-31",2022-03-06
"Andy INN HOTEL-GARA DE NORD",3,600,"RON","Bucuresti","2022-03-28","2022-03-31",2022-03-06
"Hotel Papion",3,594,"RON","Bucuresti","2022-03-28","2022-03-31",2022-03-06
"Mosilor Apartments",3,564,"RON","Bucuresti","2022-03-28","2022-03-31",2022-03-06
"Samaa Hotel",3,832,"RON","Bucuresti","2022-03-28","2022-03-31",2022-03-06
"Hotel La Gil",2,587,"RON","Bucuresti","2022-03-28","2022-03-31",2022-03-06
"Lina Hotel",3,564,"RON","Bucuresti","2022-03-28","2022-03-31",2022-03-06
"Hotel Rivoli",3,524,"RON","Bucuresti","2022-03-28","2022-03-31",2022-03-06
"Arc de Triomphe by Residence Hotels",4,1283,"RON","Bucuresti","2022-03-28","2022-03-31",2022-03-06
"Christina Hotel",4,1108,"RON","Bucuresti","2022-03-28","2022-03-31",2022-03-06
"Hotel Athos",3,564,"RON","Bucuresti","2022-03-28","2022-03-31",2022-03-06
"Elysium",3,1020,"RON","Bucuresti","2022-03-28","2022-03-31",2022-03-06
"West Plaza Residence",3,1033,"RON","Bucuresti","2022-03-28","2022-03-31",2022-03-06
"Hotel Premiere",3,690,"RON","Bucuresti","2022-03-28","2022-03-31",2022-03-06
"Hotel Mic",3,540,"RON","Bucuresti","2022-03-28","2022-03-31",2022-03-06
"Harmony Suites",3,1323,"RON","Bucuresti","2022-03-28","2022-03-31",2022-03-06
"Hotel Tomi",3,675,"RON","Bucuresti","2022-03-28","2022-03-31",2022-03-06
"Ave Hotel Victoriei",3,594,"RON","Bucuresti","2022-03-28","2022-03-31",2022-03-06
"Hotel La Gil",3,629,"RON","Bucuresti","2022-03-28","2022-03-31",2022-03-06
"Hotel Christina Plus",4,1088,"RON","Bucuresti","2022-03-28","2022-03-31",2022-03-06
"Byblov Rooms Boutique",3,690,"RON","Bucuresti","2022-03-28","2022-03-31",2022-03-06
"JN Boutique Apartments",4,789,"RON","Bucuresti","2022-03-28","2022-03-31",2022-03-06
"Hotel Est",3,599,"RON","Bucuresti","2022-03-28","2022-03-31",2022-03-06
"Andy INN HOTEL-GARA DE NORD",3,600,"RON","Bucuresti","2022-03-28","2022-03-31",2022-03-06
"Hotel Papion",3,594,"RON","Bucuresti","2022-03-28","2022-03-31",2022-03-06
"Mosilor Apartments",3,564,"RON","Bucuresti","2022-03-28","2022-03-31",2022-03-06
"Samaa Hotel",3,832,"RON","Bucuresti","2022-03-28","2022-03-31",2022-03-06
"Hotel La Gil",2,587,"RON","Bucuresti","2022-03-28","2022-03-31",2022-03-06
"Lina Hotel",3,564,"RON","Bucuresti","2022-03-28","2022-03-31",2022-03-06
"Hotel Rivoli",3,524,"RON","Bucuresti","2022-03-28","2022-03-31",2022-03-06
"Arc de Triomphe by Residence Hotels",4,1283,"RON","Bucuresti","2022-03-28","2022-03-31",2022-03-06
"Christina Hotel",4,1108,"RON","Bucuresti","2022-03-28","2022-03-31",2022-03-06
"Hotel Athos",3,564,"RON","Bucuresti","2022-03-28","2022-03-31",2022-03-06
"Elysium",3,1020,"RON","Bucuresti","2022-03-28","2022-03-31",2022-03-06
"West Plaza Residence",3,1033,"RON","Bucuresti","2022-03-28","2022-03-31",2022-03-06
"Hotel Premiere",3,690,"RON","Bucuresti","2022-03-28","2022-03-31",2022-03-06
"Hotel Mic",3,540,"RON","Bucuresti","2022-03-28","2022-03-31",2022-03-06
"Harmony Suites",3,1323,"RON","Bucuresti","2022-03-28","2022-03-31",2022-03-06
"Hotel Tomi",3,675,"RON","Bucuresti","2022-03-28","2022-03-31",2022-03-06
"Hotel Funnytime",2,403,"RON","Bucuresti","2022-03-28","2022-03-31",2022-03-06
"Stil OldTown",3,613,"RON","Bucuresti","2022-03-28","2022-03-31",2022-03-06
"Novum Aparthotel",3,1684,"RON","Bucuresti","2022-03-28","2022-03-31",2022-03-06
"Hotel Bliss",3,755,"RON","Bucuresti","2022-03-28","2022-03-31",2022-03-06
"Hotel Nova Residence",3,531,"RON","Bucuresti","2022-03-28","2022-03-31",2022-03-06
"Grand Pier Boutique Hotel",3,1800,"RON","Bucuresti","2022-03-28","2022-03-31",2022-03-06
"Conacul Coroanei Luxury Boutique Hotel",5,1417,"RON","Bucuresti","2022-03-28","2022-03-31",2022-03-06
"New Era Hotel",4,8111,"RON","Bucuresti","2022-03-28","2022-03-31",2022-03-06
"Hotel Rubin",1,427,"RON","Bucuresti","2022-03-28","2022-03-31",2022-03-06
"Hanul Domnesc",3,825,"RON","Brasov","2022-03-28","2022-03-31",2022-03-06
"Safrano Palace",3,795,"RON","Brasov","2022-03-28","2022-03-31",2022-03-06
"CASA CHITIC - HOTEL & RESTAURANT- Str Nicolae Balcescu 13",3,907,"RON","Brasov","2022-03-28","2022-03-31",2022-03-06
"Casa Wagner",3,683,"RON","Brasov","2022-03-28","2022-03-31",2022-03-06
"SCHUSTER Boarding House",3,1260,"RON","Brasov","2022-03-28","2022-03-31",2022-03-06
"Grand Hotel Belvedere",4,1500,"RON","Brasov","2022-03-28","2022-03-31",2022-03-06
"Hotel Bella Muzica",3,885,"RON","Brasov","2022-03-28","2022-03-31",2022-03-06
"Residence Hirscher",3,870,"RON","Brasov","2022-03-28","2022-03-31",2022-03-06
"Hotel Rainer",3,690,"RON","Brasov","2022-03-28","2022-03-31",2022-03-06
"Hotel Kolping",3,1020,"RON","Brasov","2022-03-28","2022-03-31",2022-03-06
"Kronwell Brasov Hotel",4,2064,"RON","Brasov","2022-03-28","2022-03-31",2022-03-06
"Coroana Brasovului",3,900,"RON","Brasov","2022-03-28","2022-03-31",2022-03-06
"Hotel Apollonia",3,627,"RON","Brasov","2022-03-28","2022-03-31",2022-03-06
"Belfort Hotel",3,1251,"RON","Brasov","2022-03-28","2022-03-31",2022-03-06
"Qosmo Brasov Hotel",4,1902,"RON","Brasov","2022-03-28","2022-03-31",2022-03-06
"Hotel HP Tower One Brasov",4,1104,"RON","Brasov","2022-03-28","2022-03-31",2022-03-06
"Antler Boutique Hotel",3,484,"RON","Brasov","2022-03-28","2022-03-31",2022-03-06
"Casa Cranta",4,986,"RON","Brasov","2022-03-28","2022-03-31",2022-03-06
"Hotel Aro Palace",5,1917,"RON","Brasov","2022-03-28","2022-03-31",2022-03-06
"Hotel Belvedere",4,1320,"RON","Brasov","2022-03-28","2022-03-31",2022-03-06
"Hotel Ambient",4,1121,"RON","Brasov","2022-03-28","2022-03-31",2022-03-06
"Pension Brasovu Vechi",4,765,"RON","Brasov","2022-03-28","2022-03-31",2022-03-06
"CASA CHITIC -HOTEL SI RESTAURANT Str Johann Gott nr7",3,1110,"RON","Brasov","2022-03-28","2022-03-31",2022-03-06
"Long Street Hotel",3,735,"RON","Brasov","2022-03-28","2022-03-31",2022-03-06
"Hanul Domnesc",3,825,"RON","Brasov","2022-03-28","2022-03-31",2022-03-06
"Safrano Palace",3,795,"RON","Brasov","2022-03-28","2022-03-31",2022-03-06
"CASA CHITIC - HOTEL & RESTAURANT- Str Nicolae Balcescu 13",3,907,"RON","Brasov","2022-03-28","2022-03-31",2022-03-06
"Casa Wagner",3,683,"RON","Brasov","2022-03-28","2022-03-31",2022-03-06
"SCHUSTER Boarding House",3,1260,"RON","Brasov","2022-03-28","2022-03-31",2022-03-06
"Grand Hotel Belvedere",4,1500,"RON","Brasov","2022-03-28","2022-03-31",2022-03-06
"Hotel Bella Muzica",3,885,"RON","Brasov","2022-03-28","2022-03-31",2022-03-06
"Residence Hirscher",3,870,"RON","Brasov","2022-03-28","2022-03-31",2022-03-06
"Hotel Rainer",3,690,"RON","Brasov","2022-03-28","2022-03-31",2022-03-06
"Hotel Kolping",3,1020,"RON","Brasov","2022-03-28","2022-03-31",2022-03-06
"Kronwell Brasov Hotel",4,2064,"RON","Brasov","2022-03-28","2022-03-31",2022-03-06
"Coroana Brasovului",3,900,"RON","Brasov","2022-03-28","2022-03-31",2022-03-06
"Hotel Apollonia",3,627,"RON","Brasov","2022-03-28","2022-03-31",2022-03-06
"Belfort Hotel",3,1251,"RON","Brasov","2022-03-28","2022-03-31",2022-03-06
"Qosmo Brasov Hotel",4,1902,"RON","Brasov","2022-03-28","2022-03-31",2022-03-06
"Hotel HP Tower One Brasov",4,1104,"RON","Brasov","2022-03-28","2022-03-31",2022-03-06
"Antler Boutique Hotel",3,484,"RON","Brasov","2022-03-28","2022-03-31",2022-03-06
"Casa Cranta",4,986,"RON","Brasov","2022-03-28","2022-03-31",2022-03-06
"Hotel Aro Palace",5,1917,"RON","Brasov","2022-03-28","2022-03-31",2022-03-06
"Hotel Belvedere",4,1320,"RON","Brasov","2022-03-28","2022-03-31",2022-03-06
"Hotel Ambient",4,1121,"RON","Brasov","2022-03-28","2022-03-31",2022-03-06
"Pension Brasovu Vechi",4,765,"RON","Brasov","2022-03-28","2022-03-31",2022-03-06
"CASA CHITIC -HOTEL SI RESTAURANT Str Johann Gott nr7",3,1110,"RON","Brasov","2022-03-28","2022-03-31",2022-03-06
"Long Street Hotel",3,735,"RON","Brasov","2022-03-28","2022-03-31",2022-03-06
"Vila Katharina",4,1749,"RON","Brasov","2022-03-28","2022-03-31",2022-03-06
"Grand Hotel",4,759,"RON","Brasov","2022-03-28","2022-03-31",2022-03-06
"Golden Time Hotel",4,1098,"RON","Brasov","2022-03-28","2022-03-31",2022-03-06
"Drachenhaus",3,1960,"RON","Brasov","2022-03-28","2022-03-31",2022-03-06
"Hotel Ave Lux",3,750,"RON","Brasov","2022-03-28","2022-03-31",2022-03-06
"Hotel Brasov",3,933,"RON","Brasov","2022-03-28","2022-03-31",2022-03-06
"Hotel Garden Club",3,798,"RON","Brasov","2022-03-28","2022-03-31",2022-03-06
"Hotel Gott",3,966,"RON","Brasov","2022-03-28","2022-03-31",2022-03-06
"ALBERT RESIDENCE",3,991,"RON","Brasov","2022-03-28","2022-03-31",2022-03-06
"Casa Mureșan",3,828,"RON","Brasov","2022-03-28","2022-03-31",2022-03-06
"Serenity Resort",4,1783,"RON","Brasov","2022-03-28","2022-03-31",2022-03-06
"Vila William’s",3,648,"RON","Brasov","2022-03-28","2022-03-31",2022-03-06
"Hotel Esprit",4,876,"RON","Brasov","2022-03-28","2022-03-31",2022-03-06
"Nani Nani Boutique",3,963,"RON","Brasov","2022-03-28","2022-03-31",2022-03-06
"Hotel Cubix",4,891,"RON","Brasov","2022-03-28","2022-03-31",2022-03-06
"Apart Hotel Vlad Tepes",3,1007,"RON","Brasov","2022-03-28","2022-03-31",2022-03-06
"Stop Hotel",3,607,"RON","Brasov","2022-03-28","2022-03-31",2022-03-06
"Victoria Bulevard Hotel",4,1260,"RON","Brasov","2022-03-28","2022-03-31",2022-03-06
"Casa Andreea",3,900,"RON","Brasov","2022-03-28","2022-03-31",2022-03-06
"Hotel Citrin - Adults Only",3,1080,"RON","Brasov","2022-03-28","2022-03-31",2022-03-06
"PENSIUNEA MURY",3,480,"RON","Brasov","2022-03-28","2022-03-31",2022-03-06
"Studio ApartCity",3,738,"RON","Brasov","2022-03-28","2022-03-31",2022-03-06
"HB Brilliant",3,795,"RON","Brasov","2022-03-28","2022-03-31",2022-03-06
"Hotel Jasmine",3,1104,"RON","Brasov","2022-03-28","2022-03-31",2022-03-06
"Hotel Oasis",3,1020,"RON","Brasov","2022-03-28","2022-03-31",2022-03-06
"Wolkendorf Bio Hotel & Spa",4,1448,"RON","Brasov","2022-03-28","2022-03-31",2022-03-06
"Apart Hotel Vlad Tepes",3,1007,"RON","Brasov","2022-03-28","2022-03-31",2022-03-06
"Hotel Regal",3,1185,"RON","Brasov","2022-03-28","2022-03-31",2022-03-06
"Hotel Alinalex - Paradisul Acvatic",3,960,"RON","Brasov","2022-03-28","2022-03-31",2022-03-06
"Domeniul Dâmbu Morii",3,1182,"RON","Brasov","2022-03-28","2022-03-31",2022-03-06
"Hotel City Center",3,784,"RON","Brasov","2022-03-28","2022-03-31",2022-03-06
"Hotel Astra",3,468,"RON","Brasov","2022-03-28","2022-03-31",2022-03-06
"Pensiunea Baroc",3,600,"RON","Brasov","2022-03-28","2022-03-31",2022-03-06
"Hotel Gema",3,635,"RON","Brasov","2022-03-28","2022-03-31",2022-03-06
"Conacul din Ardeal",3,798,"RON","Brasov","2022-03-28","2022-03-31",2022-03-06
"Continental Forum Constanta",4,1110,"RON","Constanta","2022-03-28","2022-03-31",2022-03-06
"Hotel Merty",3,630,"RON","Constanta","2022-03-28","2022-03-31",2022-03-06
"Lira Pacific Aparthotel",3,604,"RON","Constanta","2022-03-28","2022-03-31",2022-03-06
"Hotel Megalos",3,500,"RON","Constanta","2022-03-28","2022-03-31",2022-03-06
"Hotel Carol",4,960,"RON","Constanta","2022-03-28","2022-03-31",2022-03-06
"Hotel Cherica",4,1464,"RON","Constanta","2022-03-28","2022-03-31",2022-03-06
"Alnis Boutique Villa",4,1350,"RON","Constanta","2022-03-28","2022-03-31",2022-03-06
"Dali Hotel",3,690,"RON","Constanta","2022-03-28","2022-03-31",2022-03-06
"Arion Hotel",3,555,"RON","Constanta","2022-03-28","2022-03-31",2022-03-06
"Ambra Boutique Hotel & Bistro",4,720,"RON","Constanta","2022-03-28","2022-03-31",2022-03-06
"Hotel Dobrogea",2,360,"RON","Constanta","2022-03-28","2022-03-31",2022-03-06
"Hotel Nevada",4,773,"RON","Constanta","2022-03-28","2022-03-31",2022-03-06
"Casa Hrisicos",4,1394,"RON","Constanta","2022-03-28","2022-03-31",2022-03-06
"Hotel Ana",3,600,"RON","Constanta","2022-03-28","2022-03-31",2022-03-06
"Villa Roberto",3,300,"RON","Constanta","2022-03-28","2022-03-31",2022-03-06
"Peninsula Boutique Hotel",4,1151,"RON","Constanta","2022-03-28","2022-03-31",2022-03-06
"VILA OPT",4,1560,"RON","Constanta","2022-03-28","2022-03-31",2022-03-06
"Hotel Maria",3,630,"RON","Constanta","2022-03-28","2022-03-31",2022-03-06
"Hotel Ferdinand",3,840,"RON","Constanta","2022-03-28","2022-03-31",2022-03-06
"Hotel New Derby",3,414,"RON","Constanta","2022-03-28","2022-03-31",2022-03-06
"Continental Forum Constanta",4,1110,"RON","Constanta","2022-03-28","2022-03-31",2022-03-06
"Hotel Merty",3,630,"RON","Constanta","2022-03-28","2022-03-31",2022-03-06
"Lira Pacific Aparthotel",3,604,"RON","Constanta","2022-03-28","2022-03-31",2022-03-06
"Hotel Megalos",3,500,"RON","Constanta","2022-03-28","2022-03-31",2022-03-06
"Hotel Carol",4,960,"RON","Constanta","2022-03-28","2022-03-31",2022-03-06
"Hotel Cherica",4,1464,"RON","Constanta","2022-03-28","2022-03-31",2022-03-06
"Alnis Boutique Villa",4,1350,"RON","Constanta","2022-03-28","2022-03-31",2022-03-06
"Dali Hotel",3,690,"RON","Constanta","2022-03-28","2022-03-31",2022-03-06
"Arion Hotel",3,555,"RON","Constanta","2022-03-28","2022-03-31",2022-03-06
"Ambra Boutique Hotel & Bistro",4,720,"RON","Constanta","2022-03-28","2022-03-31",2022-03-06
"Hotel Dobrogea",2,360,"RON","Constanta","2022-03-28","2022-03-31",2022-03-06
"Hotel Nevada",4,773,"RON","Constanta","2022-03-28","2022-03-31",2022-03-06
"Casa Hrisicos",4,1394,"RON","Constanta","2022-03-28","2022-03-31",2022-03-06
"Hotel Ana",3,600,"RON","Constanta","2022-03-28","2022-03-31",2022-03-06
"Villa Roberto",3,300,"RON","Constanta","2022-03-28","2022-03-31",2022-03-06
"Peninsula Boutique Hotel",4,1151,"RON","Constanta","2022-03-28","2022-03-31",2022-03-06
"VILA OPT",4,1560,"RON","Constanta","2022-03-28","2022-03-31",2022-03-06
"Hotel Maria",3,630,"RON","Constanta","2022-03-28","2022-03-31",2022-03-06
"Hotel Ferdinand",3,840,"RON","Constanta","2022-03-28","2022-03-31",2022-03-06
"Hotel New Derby",3,414,"RON","Constanta","2022-03-28","2022-03-31",2022-03-06
"Guci Hotel",3,750,"RON","Constanta","2022-03-28","2022-03-31",2022-03-06
"Hotel Ioana",3,400,"RON","Constanta","2022-03-28","2022-03-31",2022-03-06
"CoolKush Boutique",3,646,"RON","Constanta","2022-03-28","2022-03-31",2022-03-06
"EKA Residence",3,537,"RON","Constanta","2022-03-28","2022-03-31",2022-03-06
"Hotel Austin",3,473,"RON","Constanta","2022-03-28","2022-03-31",2022-03-06
"Hotel Class",3,750,"RON","Constanta","2022-03-28","2022-03-31",2022-03-06
"Hotel Golden Rose",3,750,"RON","Constanta","2022-03-28","2022-03-31",2022-03-06
"Guci Hotel",3,750,"RON","Constanta","2022-03-28","2022-03-31",2022-03-06
"Hotel Ioana",3,400,"RON","Constanta","2022-03-28","2022-03-31",2022-03-06
"CoolKush Boutique",3,646,"RON","Constanta","2022-03-28","2022-03-31",2022-03-06
"EKA Residence",3,537,"RON","Constanta","2022-03-28","2022-03-31",2022-03-06
"Hotel Austin",3,473,"RON","Constanta","2022-03-28","2022-03-31",2022-03-06
"Hotel Class",3,750,"RON","Constanta","2022-03-28","2022-03-31",2022-03-06
"Hotel Golden Rose",3,750,"RON","Constanta","2022-03-28","2022-03-31",2022-03-06
"Hanul Domnesc",3,825,"RON","Prahova","2022-03-28","2022-03-31",2022-03-06
"Atrium Hotel Mountain View Predeal",4,803,"RON","Prahova","2022-03-28","2022-03-31",2022-03-06
"Atrium Panoramic Hotel & Spa",4,765,"RON","Prahova","2022-03-28","2022-03-31",2022-03-06
"Hotel Bucegi Portile Regatului",2,585,"RON","Prahova","2022-03-28","2022-03-31",2022-03-06
"Pensiunea 3 Brazi Zarnesti",3,630,"RON","Prahova","2022-03-28","2022-03-31",2022-03-06
"Hotel Rina Cerbul",2,594,"RON","Prahova","2022-03-28","2022-03-31",2022-03-06
"Hanul Bran",3,780,"RON","Prahova","2022-03-28","2022-03-31",2022-03-06
"Hotel Escalade",4,1320,"RON","Prahova","2022-03-28","2022-03-31",2022-03-06
"Hotel Piemonte",4,330,"RON","Prahova","2022-03-28","2022-03-31",2022-03-06
"Hotel Stavilar",3,914,"RON","Prahova","2022-03-28","2022-03-31",2022-03-06
"Hotel Marea Neagra",3,853,"RON","Prahova","2022-03-28","2022-03-31",2022-03-06
"House of Dracula Hotel",4,903,"RON","Prahova","2022-03-28","2022-03-31",2022-03-06
"Hotel Wolf 2",4,1140,"RON","Prahova","2022-03-28","2022-03-31",2022-03-06
"Anuța",3,787,"RON","Prahova","2022-03-28","2022-03-31",2022-03-06
"Drachenhaus",3,1960,"RON","Prahova","2022-03-28","2022-03-31",2022-03-06
"CASA CHITIC - HOTEL & RESTAURANT- Str Nicolae Balcescu 13",3,907,"RON","Prahova","2022-03-28","2022-03-31",2022-03-06
"Vila Camelia",3,859,"RON","Prahova","2022-03-28","2022-03-31",2022-03-06
"Complex Hanul Muresenilor",4,1110,"RON","Prahova","2022-03-28","2022-03-31",2022-03-06
"Roberto Hotel",3,781,"RON","Prahova","2022-03-28","2022-03-31",2022-03-06
"Hotel Dragului",3,810,"RON","Prahova","2022-03-28","2022-03-31",2022-03-06
"Hotel Sinaia",4,1382,"RON","Prahova","2022-03-28","2022-03-31",2022-03-06
"Coroana Brasovului",3,900,"RON","Prahova","2022-03-28","2022-03-31",2022-03-06
"Noblesse Hotel",3,885,"RON","Prahova","2022-03-28","2022-03-31",2022-03-06
"Hotel Tantzi",2,623,"RON","Prahova","2022-03-28","2022-03-31",2022-03-06
"Aurelius Imparatul Romanilor",4,1468,"RON","Prahova","2022-03-28","2022-03-31",2022-03-06
"Hotel Cristal Sinaia",3,547,"RON","Prahova","2022-03-28","2022-03-31",2022-03-06
"Rizzo Boutique Hotel",4,1296,"RON","Prahova","2022-03-28","2022-03-31",2022-03-06
"Hotel Turnul",3,1200,"RON","Prahova","2022-03-28","2022-03-31",2022-03-06
"Mistral Resort",3,960,"RON","Prahova","2022-03-28","2022-03-31",2022-03-06
"Casa Wagner",3,683,"RON","Prahova","2022-03-28","2022-03-31",2022-03-06
"SCHUSTER Boarding House",3,1260,"RON","Prahova","2022-03-28","2022-03-31",2022-03-06
"Hotel Bastion",3,1083,"RON","Prahova","2022-03-28","2022-03-31",2022-03-06
"Complex Hotelier COTA O MIE",3,1287,"RON","Prahova","2022-03-28","2022-03-31",2022-03-06
"Residence Hirscher",3,870,"RON","Prahova","2022-03-28","2022-03-31",2022-03-06
"Hotel Rainer",3,690,"RON","Prahova","2022-03-28","2022-03-31",2022-03-06
"Antler Boutique Hotel",3,484,"RON","Prahova","2022-03-28","2022-03-31",2022-03-06
"Teleferic Grand Hotel",4,3344,"RON","Prahova","2022-03-28","2022-03-31",2022-03-06
"ALBERT RESIDENCE",3,991,"RON","Prahova","2022-03-28","2022-03-31",2022-03-06
"Hotel Orizont",4,911,"RON","Prahova","2022-03-28","2022-03-31",2022-03-06
"Hotel boutique Garden Resort by Brancoveanu",4,635,"RON","Prahova","2022-03-28","2022-03-31",2022-03-06
"Safrano Palace",3,795,"RON","Prahova","2022-03-28","2022-03-31",2022-03-06
"Complex Turistic Max International",3,570,"RON","Prahova","2022-03-28","2022-03-31",2022-03-06
"Hotel Smart",4,1425,"RON","Prahova","2022-03-28","2022-03-31",2022-03-06
"Hotel Apollonia",3,627,"RON","Prahova","2022-03-28","2022-03-31",2022-03-06
"Hotel Rozmarin",4,960,"RON","Prahova","2022-03-28","2022-03-31",2022-03-06
"Hotel Bella Muzica",3,885,"RON","Prahova","2022-03-28","2022-03-31",2022-03-06
"Hotel Kolping",3,1020,"RON","Prahova","2022-03-28","2022-03-31",2022-03-06
"Hotel Bucegi",3,873,"RON","Prahova","2022-03-28","2022-03-31",2022-03-06
"Hotel Gott",3,966,"RON","Prahova","2022-03-28","2022-03-31",2022-03-06
"Hotel Cristal Sinaia",3,547,"RON","Prahova","2022-03-28","2022-03-31",2022-03-06
"Rizzo Boutique Hotel",4,1296,"RON","Prahova","2022-03-28","2022-03-31",2022-03-06
"Hotel Turnul",3,1200,"RON","Prahova","2022-03-28","2022-03-31",2022-03-06
"Mistral Resort",3,960,"RON","Prahova","2022-03-28","2022-03-31",2022-03-06
"Casa Wagner",3,683,"RON","Prahova","2022-03-28","2022-03-31",2022-03-06
"SCHUSTER Boarding House",3,1260,"RON","Prahova","2022-03-28","2022-03-31",2022-03-06
"Hotel Bastion",3,1083,"RON","Prahova","2022-03-28","2022-03-31",2022-03-06
"Complex Hotelier COTA O MIE",3,1287,"RON","Prahova","2022-03-28","2022-03-31",2022-03-06
"Residence Hirscher",3,870,"RON","Prahova","2022-03-28","2022-03-31",2022-03-06
"Hotel Rainer",3,690,"RON","Prahova","2022-03-28","2022-03-31",2022-03-06
"Antler Boutique Hotel",3,484,"RON","Prahova","2022-03-28","2022-03-31",2022-03-06
"Teleferic Grand Hotel",4,3344,"RON","Prahova","2022-03-28","2022-03-31",2022-03-06
"ALBERT RESIDENCE",3,991,"RON","Prahova","2022-03-28","2022-03-31",2022-03-06
"Hotel Orizont",4,911,"RON","Prahova","2022-03-28","2022-03-31",2022-03-06
"Hotel boutique Garden Resort by Brancoveanu",4,635,"RON","Prahova","2022-03-28","2022-03-31",2022-03-06
"Safrano Palace",3,795,"RON","Prahova","2022-03-28","2022-03-31",2022-03-06
"Complex Turistic Max International",3,570,"RON","Prahova","2022-03-28","2022-03-31",2022-03-06
"Hotel Smart",4,1425,"RON","Prahova","2022-03-28","2022-03-31",2022-03-06
"Hotel Apollonia",3,627,"RON","Prahova","2022-03-28","2022-03-31",2022-03-06
"Hotel Rozmarin",4,960,"RON","Prahova","2022-03-28","2022-03-31",2022-03-06
"Hotel Bella Muzica",3,885,"RON","Prahova","2022-03-28","2022-03-31",2022-03-06
"Hotel Kolping",3,1020,"RON","Prahova","2022-03-28","2022-03-31",2022-03-06
"Hotel Bucegi",3,873,"RON","Prahova","2022-03-28","2022-03-31",2022-03-06
"Hotel Gott",3,966,"RON","Prahova","2022-03-28","2022-03-31",2022-03-06
"Nani Nani Boutique",3,963,"RON","Prahova","2022-03-28","2022-03-31",2022-03-06
"Casa Andreea",3,900,"RON","Prahova","2022-03-28","2022-03-31",2022-03-06
"Hotel Ave Lux",3,750,"RON","Prahova","2022-03-28","2022-03-31",2022-03-06
"Conac Bavaria",3,798,"RON","Prahova","2022-03-28","2022-03-31",2022-03-06
"Vila William’s",3,648,"RON","Prahova","2022-03-28","2022-03-31",2022-03-06
"Cabana FulgDe Nea",3,876,"RON","Prahova","2022-03-28","2022-03-31",2022-03-06
"CASA CHITIC -HOTEL SI RESTAURANT Str Johann Gott nr7",3,1110,"RON","Prahova","2022-03-28","2022-03-31",2022-03-06
"Hotel Carpathia",4,950,"RON","Prahova","2022-03-28","2022-03-31",2022-03-06
"Elexus Predeal",4,1680,"RON","Prahova","2022-03-28","2022-03-31",2022-03-06
"Casa Mureșan",3,828,"RON","Prahova","2022-03-28","2022-03-31",2022-03-06
"Casa Leul Busteni",3,774,"RON","Prahova","2022-03-28","2022-03-31",2022-03-06
"Long Street Hotel",3,735,"RON","Prahova","2022-03-28","2022-03-31",2022-03-06
"Regina",4,748,"RON","Prahova","2022-03-28","2022-03-31",2022-03-06
"Hotel boutique Vila LaKastel",4,1235,"RON","Prahova","2022-03-28","2022-03-31",2022-03-06
"Complex La Tunuri - Vila Economat",4,1161,"RON","Prahova","2022-03-28","2022-03-31",2022-03-06
"Complex Monterai",3,750,"RON","Prahova","2022-03-28","2022-03-31",2022-03-06
"Ana Hotels Sport Poiana Brasov",4,2150,"RON","Prahova","2022-03-28","2022-03-31",2022-03-06
"Hotel Cubix",4,891,"RON","Prahova","2022-03-28","2022-03-31",2022-03-06
"Casa Cranta",4,986,"RON","Prahova","2022-03-28","2022-03-31",2022-03-06
"Belfort Hotel",3,1251,"RON","Prahova","2022-03-28","2022-03-31",2022-03-06
"Vila Katharina",4,1749,"RON","Prahova","2022-03-28","2022-03-31",2022-03-06
"Hotel Brasov",3,933,"RON","Prahova","2022-03-28","2022-03-31",2022-03-06
"Stop Hotel",3,607,"RON","Prahova","2022-03-28","2022-03-31",2022-03-06
"Hotel Regal",3,1185,"RON","Prahova","2022-03-28","2022-03-31",2022-03-06
"Pension Brasovu Vechi",4,765,"RON","Prahova","2022-03-28","2022-03-31",2022-03-06
"Hotel Oasis",3,1020,"RON","Prahova","2022-03-28","2022-03-31",2022-03-06
"HB Brilliant",3,795,"RON","Prahova","2022-03-28","2022-03-31",2022-03-06
"Hotel Belmont",4,3234,"RON","Prahova","2022-03-28","2022-03-31",2022-03-06
"Ana Hotels Bradul Poiana Brasov",4,2146,"RON","Prahova","2022-03-28","2022-03-31",2022-03-06
"Hotel HP Tower One Brasov",4,1104,"RON","Prahova","2022-03-28","2022-03-31",2022-03-06
"Hotel Citrin - Adults Only",3,1080,"RON","Prahova","2022-03-28","2022-03-31",2022-03-06
"Hotel Belvedere",4,1320,"RON","Prahova","2022-03-28","2022-03-31",2022-03-06
"Apart Hotel Vlad Tepes",3,1007,"RON","Prahova","2022-03-28","2022-03-31",2022-03-06
"Hotel Garden Club",3,798,"RON","Prahova","2022-03-28","2022-03-31",2022-03-06
"Grand Hotel Belvedere",4,1500,"RON","Prahova","2022-03-28","2022-03-31",2022-03-06
"Hotel Regal Sinaia",3,1082,"RON","Prahova","2022-03-28","2022-03-31",2022-03-06
"Grand Hotel",4,759,"RON","Prahova","2022-03-28","2022-03-31",2022-03-06
"Qosmo Brasov Hotel",4,1902,"RON","Prahova","2022-03-28","2022-03-31",2022-03-06
"Hotel Ambient",4,1121,"RON","Prahova","2022-03-28","2022-03-31",2022-03-06
"Studio ApartCity",3,738,"RON","Prahova","2022-03-28","2022-03-31",2022-03-06
"Domeniul Dâmbu Morii",3,1182,"RON","Prahova","2022-03-28","2022-03-31",2022-03-06
"Hotel Jasmine",3,1104,"RON","Prahova","2022-03-28","2022-03-31",2022-03-06
"Golden Time Hotel",4,1098,"RON","Prahova","2022-03-28","2022-03-31",2022-03-06
"Hotel Boutique Belvedere",4,1999,"RON","Prahova","2022-03-28","2022-03-31",2022-03-06
"Serenity Resort",4,1783,"RON","Prahova","2022-03-28","2022-03-31",2022-03-06
"Kronwell Brasov Hotel",4,2064,"RON","Prahova","2022-03-28","2022-03-31",2022-03-06
"Apartament Alpin Poiana Brasov , etaj 8",4,3558,"RON","Prahova","2022-03-28","2022-03-31",2022-03-06
"Hotel Apartament ELDYA comfort&suites",3,1051,"RON","Prahova","2022-03-28","2022-03-31",2022-03-06
"Hotel Breaza",2,570,"RON","Prahova","2022-03-28","2022-03-31",2022-03-06
"Pensiunea Casa Nostalgia",4,1260,"RON","Prahova","2022-03-28","2022-03-31",2022-03-06
"Hotel Cheia",2,664,"RON","Prahova","2022-03-28","2022-03-31",2022-03-06
"Hotel Oscar",3,744,"RON","Prahova","2022-03-28","2022-03-31",2022-03-06
"HOTEL ALL TIMES",2,497,"RON","Prahova","2022-03-28","2022-03-31",2022-03-06
"Seva Hotel Health Club",3,524,"RON","Prahova","2022-03-28","2022-03-31",2022-03-06
"Hotel Cumpatu",4,1003,"RON","Prahova","2022-03-28","2022-03-31",2022-03-06
"PENSIUNEA MURY",3,480,"RON","Prahova","2022-03-28","2022-03-31",2022-03-06
"HOTEL BULEVARD",2,414,"RON","Prahova","2022-03-28","2022-03-31",2022-03-06
"Wolkendorf Bio Hotel & Spa",4,1448,"RON","Prahova","2022-03-28","2022-03-31",2022-03-06
"Complex Verona Predeal",3,690,"RON","Prahova","2022-03-28","2022-03-31",2022-03-06
"Gura Diham",3,605,"RON","Prahova","2022-03-28","2022-03-31",2022-03-06
"Hotel Marami",3,510,"RON","Prahova","2022-03-28","2022-03-31",2022-03-06
"Hotel Miruna - New Belvedere",4,1353,"RON","Prahova","2022-03-28","2022-03-31",2022-03-06
"Eden Grand Resort",3,750,"RON","Prahova","2022-03-28","2022-03-31",2022-03-06
"Hotel Bulevard Predeal",3,702,"RON","Prahova","2022-03-28","2022-03-31",2022-03-06
"Hotel Silva Busteni",3,750,"RON","Prahova","2022-03-28","2022-03-31",2022-03-06
"Hotel Piatra Mare",4,1569,"RON","Prahova","2022-03-28","2022-03-31",2022-03-06
"Hotel Belvedere",3,720,"RON","Prahova","2022-03-28","2022-03-31",2022-03-06
"Hotel Marasesti",2,510,"RON","Prahova","2022-03-28","2022-03-31",2022-03-06
"Hotel Regina",3,706,"RON","Prahova","2022-03-28","2022-03-31",2022-03-06
"Radsor Hotel",4,975,"RON","Prahova","2022-03-28","2022-03-31",2022-03-06
"Bran Chalet",3,720,"RON","Prahova","2022-03-28","2022-03-31",2022-03-06
"Azuga Ski & Bike Resort",3,630,"RON","Prahova","2022-03-28","2022-03-31",2022-03-06
"Hotel Express",3,570,"RON","Prahova","2022-03-28","2022-03-31",2022-03-06
"Hotel Mara",4,1082,"RON","Prahova","2022-03-28","2022-03-31",2022-03-06
"Hotel Miraj",4,1050,"RON","Prahova","2022-03-28","2022-03-31",2022-03-06
"Hotel Pin Azuga",3,897,"RON","Prahova","2022-03-28","2022-03-31",2022-03-06
"Regal 1880",3,780,"RON","Prahova","2022-03-28","2022-03-31",2022-03-06
"Eden 5",3,600,"RON","Prahova","2022-03-28","2022-03-31",2022-03-06
"Pensiunea Raisa",3,510,"RON","Prahova","2022-03-28","2022-03-31",2022-03-06
"Hotel Astra",3,468,"RON","Prahova","2022-03-28","2022-03-31",2022-03-06
"Hotel Ruia",3,1050,"RON","Prahova","2022-03-28","2022-03-31",2022-03-06
"Hotel Aro Palace",5,1917,"RON","Prahova","2022-03-28","2022-03-31",2022-03-06
"Eden 1 & Eden 2",3,540,"RON","Prahova","2022-03-28","2022-03-31",2022-03-06
"Hotel International",4,1701,"RON","Prahova","2022-03-28","2022-03-31",2022-03-06
"Vila Arizto",3,792,"RON","Prahova","2022-03-28","2022-03-31",2022-03-06
"Hotel Carmen",4,775,"RON","Prahova","2022-03-28","2022-03-31",2022-03-06
"Conacul Törzburg",4,1776,"RON","Prahova","2022-03-28","2022-03-31",2022-03-06
"Traveland Boutique Resort Poiana Brasov",3,577,"RON","Prahova","2022-03-28","2022-03-31",2022-03-06
"Princess Boutique",4,900,"RON","Prahova","2022-03-28","2022-03-31",2022-03-06
"Cabana Trei Brazi",3,610,"RON","Prahova","2022-03-28","2022-03-31",2022-03-06
"Hotel Esprit",4,876,"RON","Prahova","2022-03-28","2022-03-31",2022-03-06
"Hotel Alinalex - Paradisul Acvatic",3,960,"RON","Prahova","2022-03-28","2022-03-31",2022-03-06
"Hotel City Center",3,784,"RON","Prahova","2022-03-28","2022-03-31",2022-03-06
"Hotel Arca lui Noe",4,899,"RON","Prahova","2022-03-28","2022-03-31",2022-03-06
"Vila Isabelle",3,570,"RON","Prahova","2022-03-28","2022-03-31",2022-03-06
"Hotel Paraul Rece",3,870,"RON","Prahova","2022-03-28","2022-03-31",2022-03-06
"Hotel OHMA - Casa Viorel",4,1053,"RON","Prahova","2022-03-28","2022-03-31",2022-03-06
"Victoria Bulevard Hotel",4,1260,"RON","Prahova","2022-03-28","2022-03-31",2022-03-06
"Manor Ski Hotel (Cabana Schiorilor)",3,990,"RON","Prahova","2022-03-28","2022-03-31",2022-03-06
"Poiana Brasov - Alpin Resort Hotel - Apartament 2708",4,1900,"RON","Prahova","2022-03-28","2022-03-31",2022-03-06
"Pensiunea Baroc",3,600,"RON","Prahova","2022-03-28","2022-03-31",2022-03-06
"Vila Arizto",3,792,"RON","Prahova","2022-03-28","2022-03-31",2022-03-06
"Hotel Carmen",4,775,"RON","Prahova","2022-03-28","2022-03-31",2022-03-06
"Conacul Törzburg",4,1776,"RON","Prahova","2022-03-28","2022-03-31",2022-03-06
"Traveland Boutique Resort Poiana Brasov",3,577,"RON","Prahova","2022-03-28","2022-03-31",2022-03-06
"Princess Boutique",4,900,"RON","Prahova","2022-03-28","2022-03-31",2022-03-06
"Cabana Trei Brazi",3,610,"RON","Prahova","2022-03-28","2022-03-31",2022-03-06
"Hotel Esprit",4,876,"RON","Prahova","2022-03-28","2022-03-31",2022-03-06
"Hotel Alinalex - Paradisul Acvatic",3,960,"RON","Prahova","2022-03-28","2022-03-31",2022-03-06
"Hotel City Center",3,784,"RON","Prahova","2022-03-28","2022-03-31",2022-03-06
"Hotel Arca lui Noe",4,899,"RON","Prahova","2022-03-28","2022-03-31",2022-03-06
"Vila Isabelle",3,570,"RON","Prahova","2022-03-28","2022-03-31",2022-03-06
"Hotel Paraul Rece",3,870,"RON","Prahova","2022-03-28","2022-03-31",2022-03-06
"Hotel OHMA - Casa Viorel",4,1053,"RON","Prahova","2022-03-28","2022-03-31",2022-03-06
"Victoria Bulevard Hotel",4,1260,"RON","Prahova","2022-03-28","2022-03-31",2022-03-06
"Manor Ski Hotel (Cabana Schiorilor)",3,990,"RON","Prahova","2022-03-28","2022-03-31",2022-03-06
"Poiana Brasov - Alpin Resort Hotel - Apartament 2708",4,1900,"RON","Prahova","2022-03-28","2022-03-31",2022-03-06
"Pensiunea Baroc",3,600,"RON","Prahova","2022-03-28","2022-03-31",2022-03-06
"Boga Rooms",3,1374,"RON","Prahova","2022-03-28","2022-03-31",2022-03-06
"Conacul din Ardeal",3,798,"RON","Prahova","2022-03-28","2022-03-31",2022-03-06
"Lux Garden Hotel",5,1560,"RON","Prahova","2022-03-28","2022-03-31",2022-03-06
"Hotel Gema",3,635,"RON","Prahova","2022-03-28","2022-03-31",2022-03-06
"Ioana Hotel",5,1558,"RON","Prahova","2022-03-28","2022-03-31",2022-03-06
"Hotel Hera",3,1020,"RON","Prahova","2022-03-28","2022-03-31",2022-03-06
"Moviliţa Residence",5,4500,"RON","Prahova","2022-03-28","2022-03-31",2022-03-06
"Bianca House",3,497,"RON","Prahova","2022-03-28","2022-03-31",2022-03-06
"Apartament 2711 , Alpin Resort",4,3864,"RON","Prahova","2022-03-28","2022-03-31",2022-03-06
"Apartament 2706 Alpin Resort, etaj 7, Poiana Brașov",4,3702,"RON","Prahova","2022-03-28","2022-03-31",2022-03-06
"Excelsior Boutique Hotel Sinaia",3,750,"RON","Prahova","2022-03-28","2022-03-31",2022-03-06
"Hotel Iri",3,690,"RON","Prahova","2022-03-28","2022-03-31",2022-03-06
"Mountain Breeze",3,360,"RON","Prahova","2022-03-28","2022-03-31",2022-03-06
"Suru Hotel & Restaurant",3,945,"RON","Prahova","2022-03-28","2022-03-31",2022-03-06
"HOTEL URSULETUL",4,1950,"RON","Prahova","2022-03-28","2022-03-31",2022-03-06
"Royal Boutique Hotel Poiana Brasov",3,871,"RON","Prahova","2022-03-28","2022-03-31",2022-03-06
"Cota 1200",3,1050,"RON","Prahova","2022-03-28","2022-03-31",2022-03-06
"HOTEL MUNTENIA",3,465,"RON","Prahova","2022-03-28","2022-03-31",2022-03-06
"Atlantic Poiana Brasov",5,1035,"RON","Prahova","2022-03-28","2022-03-31",2022-03-06
"Vila Dolly",3,750,"RON","Prahova","2022-03-28","2022-03-31",2022-03-06
"Hotel Riviera",2,459,"RON","Prahova","2022-03-28","2022-03-31",2022-03-06
"Hotel Ski&Sky",4,990,"RON","Prahova","2022-03-28","2022-03-31",2022-03-06
"Hotel Soimul",3,726,"RON","Prahova","2022-03-28","2022-03-31",2022-03-06
"Mountain Breeze",3,360,"RON","Prahova","2022-03-28","2022-03-31",2022-03-06
"Suru Hotel & Restaurant",3,945,"RON","Prahova","2022-03-28","2022-03-31",2022-03-06
"HOTEL URSULETUL",4,1950,"RON","Prahova","2022-03-28","2022-03-31",2022-03-06
"Royal Boutique Hotel Poiana Brasov",3,871,"RON","Prahova","2022-03-28","2022-03-31",2022-03-06
"Cota 1200",3,1050,"RON","Prahova","2022-03-28","2022-03-31",2022-03-06
"HOTEL MUNTENIA",3,465,"RON","Prahova","2022-03-28","2022-03-31",2022-03-06
"Atlantic Poiana Brasov",5,1035,"RON","Prahova","2022-03-28","2022-03-31",2022-03-06
"Vila Dolly",3,750,"RON","Prahova","2022-03-28","2022-03-31",2022-03-06
"Hotel Riviera",2,459,"RON","Prahova","2022-03-28","2022-03-31",2022-03-06
"Hotel Ski&Sky",4,990,"RON","Prahova","2022-03-28","2022-03-31",2022-03-06
"Hotel Soimul",3,726,"RON","Prahova","2022-03-28","2022-03-31",2022-03-06
